国分 麻緒	kokubunn_mao@example.com	福岡県	090-8123-8198
森井 結衣	morii_yui@example.com	東京都	090-9454-8654
西浦 米蔵	nishiura_yonezou@example.com	福岡県	080-4038-8419
小口 秀樹	oguchi_hideki@example.com	長野県	080-4138- 510
有賀 亮	ariga_ryou@example.com	埼玉県	080-6190-8525
神戸 さやか	koube_sayaka@example.com	和歌山県	090- 945-1412
横田 美和子	yokota_miwako@example.com	愛媛県	090-9610-3180
河原 ひろ子	kawahara_hiroko@example.com	福島県	090-4304-5532
吉崎 陽子	yoshizaki_youko@example.com	大阪府	090- 973-1945
丸田 さやか	maruta_sayaka@example.com	茨城県	090-6068-1882
古屋 京子	furuya_kyouko@example.com	広島県	080-8585-1637
宮崎 コウ	miyazaki_kou@example.com	大阪府	090- 356-7842
黒谷 康文	kurotani_yasufumi@example.com	三重県	090-7661-2285
立川 貴美子	tachikawa_kimiko@example.com	北海道	090-9697-2610
馬場 サダヲ	baba_sadawo@example.com	神奈川県	090-2364-9449
菅野 法嗣	sugano_houshi@example.com	兵庫県	090-7408-2173
北沢 明	kitazawa_akira@example.com	岡山県	080-1274-3093
金森 基祐	kanamori_kisuke@example.com	千葉県	080-2851-4123
梅原 祐一	umehara_yuuichi@example.com	東京都	090-3054-9288
林 憲一	hayashi_kenichi@example.com	熊本県	090-1697-1996
関根 沙耶	sekine_saya@example.com	群馬県	090-5268-6898
藤 優	fuji_yuu@example.com	静岡県	090-3400- 488
沢村 敦	sawamura_atsushi@example.com	山形県	080- 159-2544
川崎 夏希	kawasaki_natsuki@example.com	宮城県	090-2429-1033
赤坂 聖陽	akasaka_masaaki@example.com	岐阜県	080-5745-6158
古谷 真一	furutani_shinichi@example.com	栃木県	080-9680-1399
川畑 莉沙	kawahata_risa@example.com	奈良県	090- 243-8506
小室 蒼甫	komuro_sousuke@example.com	岐阜県	080- 803-8459
石田 礼子	ishida_reiko@example.com	奈良県	090-9312-5208
大谷 ちえみ	ootani_chiemi@example.com	岡山県	090- 505-3831
亀田 窈	kameda_you@example.com	福井県	090-3347-7855
武内 光	takeuchi_hikaru@example.com	東京都	090-6522-1843
高山 美希	takayama_miki@example.com	東京都	080- 393-7340
中原 真希	nakahara_maki@example.com	三重県	080-5665-6181
白木 陽子	shiraki_youko@example.com	奈良県	090-6508-2939
城田 みゆき	shirota_miyuki@example.com	石川県	090-2858-8817
宇田川 みあ	udagawa_mia@example.com	大阪府	090-1775-  70
三村 俊二	mimura_shunji@example.com	山形県	080-4399-4346
西口 さゆり	nishiguchi_sayuri@example.com	北海道	090-6702-1982
森川 あさみ	morikawa_asami@example.com	広島県	080-9879-6989
井口 希	iguchi_nozomi@example.com	東京都	080- 521-4641
門脇 瞬	kadowaki_shun@example.com	神奈川県	080-5546-2227
奥寺 かおり	okudera_kaori@example.com	兵庫県	090-2730-8175
五大 れいな	godai_reina@example.com	秋田県	080-1862-1713
川島 ジョージ	kawashima_george@example.com	静岡県	080-  20-2827
小沢 まひる	ozawa_mahiru@example.com	神奈川県	080-2130-8777
栗山 恵梨香	kuriyama_erika@example.com	高知県	080-8136-7363
児島 美菜	kojima_mina@example.com	兵庫県	080-9054-2982
吉原 亮	yoshiwara_ryou@example.com	大阪府	090-7895-5223
大石 将也	ooishi_masaya@example.com	千葉県	090-4960-9884
木村 恵梨香	kimura_erika@example.com	神奈川県	080-5099-9995
中林 宏	nakabayashi_hiroshi@example.com	広島県	080-6008-5893
島本 晃司	shimamoto_kouji@example.com	千葉県	080-8763- 373
寺脇 まさし	terawaki_masashi@example.com	熊本県	080-4503-6128
森下 ジョージ	morishita_george@example.com	埼玉県	090-2421-3887
遠山 敏也	tooyama_toshiya@example.com	神奈川県	090-8466-3963
松山 美咲	matsuyama_misaki@example.com	栃木県	080- 418-3307
今田 一哉	imada_kazuya@example.com	香川県	080-7733-6764
三浦 育子	miura_ikuko@example.com	大阪府	080-9204-4401
小野田 真帆	onoda_maho@example.com	山梨県	080-8452- 851
及川 七世	oikawa_nanase@example.com	宮城県	090-1907-5354
熊沢 美和子	kumasawa_miwako@example.com	岡山県	090-6979-6131
深井 輝信	fukai_akinobu@example.com	愛知県	090-9636-7699
乾 彩華	inui_ayaka@example.com	山梨県	090-2630-3993
市村 明	ichimura_akira@example.com	大阪府	090-2158-4455
依田 鉄二	yorita_tetsuji@example.com	長野県	090- 853-1158
黒川 優	kurokawa_yuu@example.com	熊本県	090-3387- 862
小堀 隼士	kohori_shunji@example.com	長野県	080-2263-3085
岩本 圭	iwamoto_kei@example.com	鹿児島県	090-8360-6603
辻本 秀隆	tsujimoto_hidetaka@example.com	静岡県	080-3273-7580
山城 麻由子	yamashiro_mayuko@example.com	岐阜県	090- 558-9874
坂井 染五郎	sakai_somegorou@example.com	千葉県	080-4156-7392
大原 恭子	oohara_kyouko@example.com	宮城県	090-4098-4541
蒼井 一	aoi_hajime@example.com	北海道	090-5304-8081
若松 照生	wakamatsu_teruo@example.com	千葉県	080-9861-2720
内野 聡	uchino_satoshi@example.com	千葉県	080- 853-8456
吹越 美幸	fukikoshi_miyuki@example.com	福岡県	090-8421-9354
福本 智花	fukumoto_tomoka@example.com	千葉県	080-6081-7677
稲田 優	inada_yuu@example.com	埼玉県	080-3744- 170
桜井 ヒロ	sakurai_hiro@example.com	岩手県	080-5047-8884
鶴田 ヒロ	tsuruta_hiro@example.com	千葉県	090-8438-4234
渡辺 拓郎	watanabe_takurou@example.com	山形県	080-3413- 325
浅利 美智子	asari_michiko@example.com	徳島県	080-4554-1212
薬師丸 慎之介	yakushimaru_shinnosuke@example.com	兵庫県	080-7657-3682
柳 玲那	yanagi_rena@example.com	福岡県	080-9842-7325
山岡 竜也	yamaoka_tatsuya@example.com	大阪府	080-1841-6018
中根 真希	nakane_maki@example.com	熊本県	090-1501-3547
黒川 真悠子	kurokawa_mayuko@example.com	福井県	090-1345-7802
角 友香	sumi_tomoka@example.com	長崎県	090-1816-2317
大内 まひる	oouchi_mahiru@example.com	静岡県	090-5876-9404
彼方 遥	kanata_haruka@example.com	東京都	090-9149-2042
細井 誠治	hosoi_seiji@example.com	静岡県	090-1375-2453
及川 将也	oikawa_masaya@example.com	長崎県	090-5172-1226
土居 将也	doi_masaya@example.com	福岡県	080-8942-9346
神山 陽介	kamiyama_yousuke@example.com	群馬県	090-4501-9658
市川 奈々	ichikawa_nana@example.com	栃木県	090-3652-3121
矢田 杏	yada_ann@example.com	広島県	090-5297-3657
小林 勝久	kobayashi_katsuhisa@example.com	京都府	080-4132-3781
井上 ケンイチ	inoue_kenichi@example.com	埼玉県	090-1317-5950
神崎 愛菜	kannzaki_aina@example.com	埼玉県	080-5538-4183
松田 兼	matsuda_ken@example.com	静岡県	080-4472- 775
安藤 聖陽	anndou_masaaki@example.com	神奈川県	080-1302-5715
大崎 啓介	oosaki_keisuke@example.com	大阪府	080-7249-7986
磯部 花緑	isobe_karoku@example.com	千葉県	090-8580-8561
沢田 亜希	sawada_aki@example.com	神奈川県	080-1474- 156
大原 禄郎	oohara_rokurou@example.com	千葉県	090-6245-4250
瀬尾 洋介	seo_yousuke@example.com	東京都	090-1607-7234
橋爪 博之	hashidume_hiroyuki@example.com	鹿児島県	090-3718-5912
大坂 瞬	oosaka_shun@example.com	東京都	090-  19-9781
吉永 礼子	yoshinaga_reiko@example.com	香川県	090-1720-9185
小室 雅功	komuro_masatoshi@example.com	神奈川県	080-9128-3853
瀬尾 利夫	seo_toshio@example.com	大阪府	090-8655-9534
泉 サンタマリア	izumi_stmaria@example.com	長野県	080-1540-5484
合田 愛菜	aida_aina@example.com	兵庫県	080-6959-8856
小野 隼士	ono_shunji@example.com	兵庫県	080-7960-6653
森本 まさし	morimoto_masashi@example.com	宮城県	090-4146- 357
伊沢 美佐子	izawa_misako@example.com	福島県	090-2086-6372
遠山 薫	tooyama_kaoru@example.com	福岡県	090-1925-8696
小木 隆太	ogi_ryuuta@example.com	三重県	090-8267-2964
山野 俊二	yamano_shunji@example.com	東京都	090- 724-6178
守屋 有海	moriya_ami@example.com	兵庫県	090-7683-6943
黒木 彩	kuroki_aya@example.com	大阪府	080-5087-2245
片桐 和之	katagiri_kazuyuki@example.com	滋賀県	090-1349-7671
山岡 杏	yamaoka_ann@example.com	神奈川県	080-  35-5626
大泉 祐一	ooizumi_yuuichi@example.com	福島県	090-7412-2932
飯島 育子	iijima_ikuko@example.com	青森県	090-8725-7236
東 将也	higashi_masaya@example.com	埼玉県	080-7939-4708
島本 拓郎	shimamoto_takurou@example.com	東京都	090-5395-9251
小林 季衣	kobayashi_toshie@example.com	東京都	090-8650- 251
沢尻 丈史	sawajiri_takeshi@example.com	北海道	090-3909-6819
西脇 あさみ	nishiwaki_asami@example.com	大阪府	090-8500-7485
田中 恵子	tanaka_keiko@example.com	埼玉県	090-4404-4599
古田 千佳子	furuta_chikako@example.com	広島県	080-4449-2826
香椎 まさみ	kashii_masami@example.com	福島県	090-8186-9952
島袋 瑠璃亜	shimabukuro_ruria@example.com	東京都	090-7720-6890
長田 瞳	nagata_hitomi@example.com	兵庫県	090-2565-8132
松本 俊二	matsumoto_shunji@example.com	愛知県	090-8836-5593
相沢 真一	aizawa_shinichi@example.com	新潟県	090-2726-5583
小池 有海	koike_ami@example.com	新潟県	090- 173-6767
藤村 恵望子	fujimura_emiko@example.com	大阪府	090- 682-4488
松下 美帆	matsushita_miho@example.com	神奈川県	090-2002-3474
木本 知史	kimoto_tomofumi@example.com	神奈川県	090-2233-2328
秋山 美紀	akiyama_miki@example.com	埼玉県	090-4146-7113
楠 浩太郎	kusunoki_koutarou@example.com	東京都	080- 548-2682
立石 ヒカル	tachiishi_hikaru@example.com	山梨県	090-3745-5740
倉持 さやか	kuramochi_sayaka@example.com	山梨県	090- 245-9062
唐沢 勝久	karasawa_katsuhisa@example.com	岐阜県	090-5996-4595
菅野 美佐子	kanno_misako@example.com	兵庫県	080-2887-9578
武田 裕次郎	takeda_yuujirou@example.com	鹿児島県	090- 357-7849
吉野 朝陽	yoshino_asahi@example.com	島根県	090-4617-2064
岩下 さとみ	iwashita_satomi@example.com	奈良県	090-8084-8475
米倉 さとみ	yonekura_satomi@example.com	山口県	080-8877-3248
稲垣 智花	inagaki_tomoka@example.com	北海道	090-7183-9568
深沢 まなみ	fukazawa_manami@example.com	愛知県	090-2969-1173
梅本 美優	umemoto_myuu@example.com	鳥取県	090-9304-7483
丹野 くるみ	tannno_kurumi@example.com	兵庫県	080-1668-2660
吉沢 まさし	yoshizawa_masashi@example.com	神奈川県	080-6497-8973
小峰 宏	komine_hiroshi@example.com	兵庫県	080-5626- 787
脇田 しほり	wakita_shihori@example.com	滋賀県	080-8540-9809
西田 俊介	nishida_shunsuke@example.com	鹿児島県	080-7282-5531
江川 徹	egawa_tooru@example.com	福岡県	080-8028-6795
綾小路 樹里	ayanokouji_juri@example.com	北海道	090-4222-1441
宇野 誠一	uno_seiichi@example.com	三重県	090-7980-3986
桑田 まなみ	kuwata_manami@example.com	和歌山県	090-4996-3166
福井 真奈美	fukui_manami@example.com	神奈川県	080-7508-4469
大平 徹	oohira_tohru@example.com	福岡県	090-7486-4240
西谷 まさし	nishiya_masashi@example.com	山口県	090-5150-3132
田代 美智子	tashiro_michiko@example.com	東京都	090-5918-9608
吉村 亮介	yoshimura_ryousuke@example.com	東京都	080-6922-2247
伊集院 勤	ijuuin_tsutomu@example.com	京都府	080-2020-3431
豊原 扶樹	toyohara_motoki@example.com	岡山県	080-9767-8807
安斎 優	annzai_yuu@example.com	東京都	090-4800-2515
前川 健	maekawa_ken@example.com	大分県	080-8785- 755
大竹 達士	ootake_tatsuhito@example.com	東京都	090-4848-2055
関根 洋	sekine_you@example.com	埼玉県	080-4055-3520
筒井 大五郎	tsutsui_daigorou@example.com	徳島県	090-4354-4852
内村 しぼり	uchimura_shibori@example.com	愛知県	080-5758- 493
磯野 陽子	isono_youko@example.com	東京都	090-6407-1783
下川 淳	shimokawa_atsushi@example.com	兵庫県	080-3024-2858
秦 隆太	hata_ryuuta@example.com	神奈川県	080-3326-9663
品川 崇史	shinagawa_takashi@example.com	北海道	090-6123-8940
田村 みゆき	tamura_miyuki@example.com	東京都	090-7280- 774
篠山 康文	shinoyama_yasufumi@example.com	熊本県	090-4407-9095
植村 仁晶	uemura_hiroaki@example.com	鹿児島県	080-9380-5000
飯塚 奈々	iiduka_nana@example.com	東京都	080-5287-4146
藤岡 米蔵	fujioka_yonezou@example.com	香川県	080-9456-2743
内村 明	uchimura_akira@example.com	福井県	080-6405-8218
熊倉 愛梨	kumakura_airi@example.com	高知県	080-5521-2390
富岡 隼士	tomioka_shunji@example.com	滋賀県	090-3311-6994
山元 剛基	yamamoto_yoshiki@example.com	大阪府	090-3183-6227
高島 りえ	takashima_rie@example.com	新潟県	090-5220-1313
岩間 しほり	iwama_shihori@example.com	愛知県	090-4159- 149
村上 七世	murakami_nanase@example.com	宮崎県	090-8719-1667
澤田 和香	sawada_waka@example.com	静岡県	080-3572-5552
筒井 照生	tsutsui_teruo@example.com	長野県	080-3442-9435
末吉 怜奈	suekichi_reina@example.com	沖縄県	090-6224-2306
本村 涼	honnmura_ryou@example.com	広島県	090-9324-5263
川井 勤	kawai_tsutomu@example.com	静岡県	080-7028-3911
岩間 なぎさ	iwama_nagisa@example.com	青森県	080-4802-8267
高畑 光博	takabata_mitsuhiro@example.com	埼玉県	080-3777-4911
浜田 一恵	hamada_kadue@example.com	静岡県	090-1655-2989
桑原 慢太郎	kuwabara_mantarou@example.com	東京都	090-6280-4598
長田 三省	nagata_sansei@example.com	静岡県	090- 509-5120
植村 真奈美	uemura_manami@example.com	福島県	080-3448-4108
真矢 えみ	maya_emi@example.com	長野県	090-1710-4903
岡山 惇	okayama_atsushi@example.com	神奈川県	090-4356-8502
河西 薫	kawanishi_kaoru@example.com	兵庫県	080-7486-6181
斉藤 一代	saitou_kazuyo@example.com	東京都	090-4715-4508
山上 美和子	yamagami_miwako@example.com	鹿児島県	090-1206-3775
高倉 美菜	takakura_mina@example.com	長野県	080-2151-4692
北原 真希	kitahara_maki@example.com	神奈川県	090-9124-6266
早川 京子	hayakawa_kyouko@example.com	愛知県	080-1555-2072
福原 沙知絵	fukuhara_sachie@example.com	茨城県	090-5279-1299
石丸 利夫	ishimaru_toshio@example.com	大阪府	090-1427-6128
芦田 朝香	ashida_asaka@example.com	沖縄県	080-4893-6800
有田 愛子	arita_aiko@example.com	広島県	080-8289-3051
竹内 雅之	takeuchi_masayuki@example.com	三重県	090-9654-1636
荻野 惇	ogino_atsushi@example.com	神奈川県	080-5036-4375
川添 竜次	kawazoe_ryuuji@example.com	鹿児島県	090-6103- 258
日下 寛治	hinoshita_kanji@example.com	石川県	090- 600-9305
柳田 由宇	yanagida_yuu@example.com	長野県	080-7701-7032
小寺 優	kodera_yuu@example.com	千葉県	090-8950-5544
神崎 そら	kanzaki_sora@example.com	神奈川県	090-1446- 866
門田 貴嶺	kadota_takane@example.com	北海道	080- 603- 767
志賀 さゆり	shiga_sayuri@example.com	茨城県	080- 506- 129
小川 瞬	ogawa_shun@example.com	茨城県	090-6269-4617
杉野 莉緒	sugino_rio@example.com	岡山県	080-7501-1997
田端 竜也	tabata_tatsuya@example.com	神奈川県	080- 646-7763
田口 妃里	taguchi_yuri@example.com	東京都	090-6095-1490
前田 広之	maeda_hiroyuki@example.com	長崎県	090-1801-6830
木村 さんま	kimura_sanma@example.com	北海道	090-6376- 390
小島 知世	kojima_chise@example.com	静岡県	090-4039-9426
西山 涼	nishiyama_ryou@example.com	大阪府	090-7280-8854
佐藤 勇	satou_yuu@example.com	千葉県	080-7003-2802
富沢 恵子	tomisawa_keiko@example.com	東京都	090-4847-6103
奈良 精児	nara_seiji@example.com	東京都	090-2323-9532
天野 さゆり	amano_sayuri@example.com	秋田県	090-1238-6656
久保 仁晶	kubo_hiroaki@example.com	広島県	080-9144-8761
安倍 まさし	abe_masashi@example.com	埼玉県	080-6926-4890
児島 陽子	kojima_youko@example.com	佐賀県	080-7844-7734
村田 そら	murata_sora@example.com	宮崎県	080-7900- 469
西尾 遥	nishio_haruka@example.com	千葉県	080-5346-4380
横川 明日	yokokawa_meibi@example.com	東京都	080-4641-6627
緒形 真悠子	ogata_mayuko@example.com	千葉県	080-7439-2390
山形 誠治	yamagata_seiji@example.com	熊本県	090-8472-1179
増井 璃子	masui_riko@example.com	神奈川県	090-1871-8463
片岡 由美子	kataoka_yumiko@example.com	東京都	090-    -9313
久保田 まさし	kubota_masashi@example.com	新潟県	080-7825- 943
久保 郁恵	kubo_ikue@example.com	大阪府	080-  22-7946
宮城 由宇	miyagi_yuu@example.com	福岡県	080-1455-7070
仲村 麻緒	nakamura_mao@example.com	栃木県	090-4577-3224
田辺 小百合	tanabe_sayuri@example.com	東京都	080-5913-5158
横山 一哉	yokoyama_kazuya@example.com	兵庫県	080-6920-7274
水島 美月	mizushima_miduki@example.com	大分県	080-6774-9501
平林 くるみ	hirabayashi_kurumi@example.com	奈良県	080-1968-3826
岡本 優一	okamoto_yuuichi@example.com	千葉県	080-7727-1436
篠崎 大五郎	shinozaki_daigorou@example.com	富山県	090-5166-7890
浅野 恭子	asano_kyouko@example.com	埼玉県	090-6263-4995
堀北 美菜	horikita_mina@example.com	大阪府	090-2488-5236
矢沢 瞬	yazawa_shun@example.com	神奈川県	080-7836- 838
浜野 明慶	hamano_akiyoshi@example.com	千葉県	080-1119-7533
寺本 仁	teramoto_jin@example.com	兵庫県	080-9356-7032
川原 浩介	kawahara_kousuke@example.com	茨城県	080-8864-8172
北条 光洋	houjou_mitsuhiro@example.com	群馬県	080-7293-9554
石垣 翔	ishigaki_shou@example.com	愛知県	080-1996-8232
河本 薫	koumoto_kaoru@example.com	福岡県	090-1990-2625
奥野 真帆	okuno_maho@example.com	大阪府	080-6478-7625
北条 丈史	houjou_takeshi@example.com	埼玉県	080-1932-8057
若山 雄太	wakayama_yuuta@example.com	滋賀県	080-1654-1210
尾上 秀隆	ogami_hidetaka@example.com	静岡県	080-9713-1149
永山 薫	nagayama_kaoru@example.com	北海道	080-1694-5790
内野 美智子	uchino_michiko@example.com	岩手県	090-4580-6408
安田 法嗣	yasuda_houshi@example.com	埼玉県	080-1592-1126
藤本 奈央	fujimoto_nao@example.com	愛知県	090-5109- 931
大槻 慶太	ootsuki_keita@example.com	東京都	090-7219-5195
浅沼 聖陽	asanuma_masaaki@example.com	鳥取県	080-4231-3821
森岡 慶太	morioka_keita@example.com	新潟県	090-3919-2062
阿井 ケンイチ	ai_kenichi@example.com	長野県	090-8380-2047
浜口 花	hamaguchi_hana@example.com	静岡県	090-4093-5386
曽我 さとみ	soga_satomi@example.com	神奈川県	080-2553-2945
荻原 洋介	hagiwara_yousuke@example.com	大阪府	080-  86-4372
本間 遥	honma_haruka@example.com	埼玉県	080-4933- 608
井上 翔子	inoue_shouko@example.com	東京都	080-5893-4069
宮崎 めぐみ	miyazaki_megumi@example.com	山口県	090-3216-3081
柳原 徹	yanagihara_tooru@example.com	静岡県	090-6580-2305
井川 美帆	igawa_miho@example.com	北海道	090-1569-3157
森田 圭	morita_kei@example.com	神奈川県	080-2046- 162
森山 崇史	moriyama_takashi@example.com	鹿児島県	090-2488-2025
村岡 満	muraoka_mitsuru@example.com	静岡県	090-6491-7173
今井 里穂	imai_riho@example.com	滋賀県	090-3486-9766
久野 さゆり	hisano_sayuri@example.com	千葉県	090-3748-1842
福山 まみ	fukuyama_mami@example.com	千葉県	080- 254-3130
浅倉 まさし	asakura_masashi@example.com	千葉県	080-3863-9752
入江 遥	irie_haruka@example.com	鳥取県	090-7712- 868
瀬川 大五郎	segawa_daigorou@example.com	千葉県	090-7904-7390
芦屋 サンタマリア	ashiya_stmaria@example.com	兵庫県	090-9248-2757
小室 一恵	komuro_kadue@example.com	茨城県	090-6092-8557
大貫 ケンイチ	oonuki_kenichi@example.com	神奈川県	090-4809-5971
大西 優一	oonishi_yuuichi@example.com	愛知県	080-1759- 372
植木 豊	ueki_yutaka@example.com	大阪府	090-6588-3327
市川 恵麻	ichikawa_ema@example.com	埼玉県	080-8256-7725
小日向 サダヲ	kohinata_sadawo@example.com	青森県	090-9708-1972
西秋 そら	nishiaki_sora@example.com	茨城県	080-3422-3530
坂上 悟志	sakagami_satoshi@example.com	山口県	090-5950-8870
小高 さとみ	kodaka_satomi@example.com	大阪府	090-2236-9280
志村 康文	shimura_yasufumi@example.com	鹿児島県	080-4395-5006
青野 愛子	aono_aiko@example.com	三重県	080-1351-7647
邑野 きみまろ	murano_kimimaro@example.com	東京都	090- 691-3166
湯浅 まみ	yuasa_mami@example.com	北海道	090-2732-9783
沼田 麗奈	numata_rena@example.com	千葉県	080-9820-2475
川原 徹	kawahara_tohru@example.com	広島県	080-9046-2580
松沢 研二	matsuzawa_kenji@example.com	香川県	080-8062-5352
寺島 扶樹	terajima_motoki@example.com	沖縄県	080-1888- 535
小沼 宏行	konuma_hiroyuki@example.com	神奈川県	090-1880-1253
近藤 育二	konndou_ikuji@example.com	北海道	090-9678-7676
平尾 智花	hirao_tomoka@example.com	兵庫県	090-2255-4192
片平 真悠子	katahira_mayuko@example.com	千葉県	080-4094-3859
土谷 直人	tsuchiya_naoto@example.com	大阪府	090-6593-3886
宮野 慎之介	miyano_shinnosuke@example.com	愛知県	080-9178-7867
米田 きみまろ	yoneda_kimimaro@example.com	北海道	090-9492- 142
小田 龍吉	oda_ryuukichi@example.com	岡山県	080-2789-5277
坂本 大五郎	sakamoto_daigorou@example.com	愛媛県	090-2687-7066
平沢 敏和	hirasawa_toshikazu@example.com	大阪府	090-5429-9846
黒木 研二	kuroki_kenji@example.com	埼玉県	080-1616-3767
岡部 正義	okabe_masayoshi@example.com	長野県	080-1541-2863
川添 恵梨香	kawazoe_erika@example.com	栃木県	090-5749-5646
筒井 えみ	tsutsui_emi@example.com	福岡県	090-5632-9963
早川 花	hayakawa_hana@example.com	富山県	080-5673- 111
白川 宏行	shirakawa_hiroyuki@example.com	東京都	090-2583- 499
中川 季衣	nakagawa_toshie@example.com	静岡県	090-6762-1019
山田 恵梨香	yamada_erika@example.com	三重県	090-3625-1697
藤山 美紀	fujiyama_miki@example.com	兵庫県	080-5906-1214
比嘉 由宇	hiyoshi_yuu@example.com	東京都	080-7060-1326
竹内 禄郎	takeuchi_rokurou@example.com	愛知県	080-9443-4797
玉木 メイサ	tamaki_meisa@example.com	福島県	090-4030-5925
金児 夏希	kaneko_natsuki@example.com	広島県	080-1217-3102
市川 さやか	ichikawa_sayaka@example.com	大阪府	080-2748-1263
妹尾 貴嶺	seo_takane@example.com	東京都	090-5085-7420
石原 小雁	ishihara_kogan@example.com	埼玉県	080- 410-1552
三浦 雅之	miura_masayuki@example.com	佐賀県	090-5706-9316
岸 聡	kishi_satoshi@example.com	愛媛県	090-6741- 156
松山 マサカズ	matsuyama_masakazu@example.com	大阪府	090- 813-6554
植松 誠一	uematsu_seiichi@example.com	三重県	090- 345-7553
小松 充則	komatsu_mitsunori@example.com	長野県	090-2154- 281
中岡 美優	nakaoka_myuu@example.com	長野県	090-2698-9822
広川 薫	hirokawa_kaoru@example.com	兵庫県	080-7105-1963
中島 恵美	nakashima_megumi@example.com	京都府	090-1282-9953
大木 樹里	ooki_juri@example.com	福岡県	080-8508-6708
中本 精児	nakamoto_seiji@example.com	新潟県	090-4626-4076
花田 洋介	hanada_yousuke@example.com	兵庫県	080-3220-1888
米谷 優	yoneya_yuu@example.com	東京都	090-7327-8866
鈴木 綾女	suzuki_ayame@example.com	福井県	080-5304-5561
平良 那奈	hirara_nana@example.com	神奈川県	090-1897-5642
金児 徹	kaneko_tooru@example.com	福岡県	080-4775- 910
田川 愛子	tagawa_aiko@example.com	愛知県	080-8770-1346
高橋 里穂	takahashi_riho@example.com	神奈川県	080-7760-9146
佐藤 智花	satou_tomoka@example.com	群馬県	080-3179-8812
小田 綾女	oda_ayame@example.com	千葉県	080-6114- 773
多部 聖陽	tabe_masaaki@example.com	神奈川県	080-3035-5482
児玉 雅之	kodama_masayuki@example.com	神奈川県	090-9820-1351
川端 えみ	kawabata_emi@example.com	兵庫県	080- 342-4648
石丸 仁晶	ishimaru_hiroaki@example.com	大阪府	080-1344-3679
木村 樹里	kimura_juri@example.com	千葉県	090-8007-9962
井口 照生	iguchi_teruo@example.com	東京都	090-8792- 183
杉本 雅彦	sugimoto_masahiko@example.com	山形県	080-6990-7603
細田 沙知絵	hosoda_sachie@example.com	佐賀県	080-1923-2215
松元 真奈美	matsumoto_manami@example.com	大阪府	080-6209-1112
江原 真悠子	ehara_mayuko@example.com	福島県	090-8447-2400
片岡 薫	kataoka_kaoru@example.com	大阪府	080- 265-8515
小椋 ひろ子	ogura_hiroko@example.com	福島県	090-5571-1224
境 充則	sakai_mitsunori@example.com	沖縄県	080-1199-6340
篠田 英嗣	shinoda_hidetsugu@example.com	東京都	090-5409-4233
丸山 たまき	maruyama_tamaki@example.com	大阪府	090-8814-9103
志村 竜也	shimura_tatsuya@example.com	北海道	090- 881-4702
高沢 礼子	takasawa_reiko@example.com	愛知県	080-5693-8842
金丸 恵子	kanamaru_keiko@example.com	新潟県	080-8517-1974
野島 あおい	nojima_aoi@example.com	宮城県	080-4402-7327
吉永 なぎさ	yoshinaga_nagisa@example.com	岐阜県	090-4528-5090
江原 勇	ehara_yuu@example.com	新潟県	090-4442-3427
佐藤 三郎	satou_saburou@example.com	福井県	080-3436-7557
細野 栄一	hosono_eiichi@example.com	埼玉県	090-9538-1249
畑中 大五郎	hatanaka_daigorou@example.com	福島県	090-3218-3212
園田 雅彦	sonoda_masahiko@example.com	熊本県	090-3653-7424
さだ 友香	sada_tomoka@example.com	富山県	080-5249-7141
久保田 和久	kubota_kazuhisa@example.com	岐阜県	090-8692-1415
畑 美優	hatake_myuu@example.com	埼玉県	080- 649-4530
田沢 良介	tazawa_ryousuke@example.com	静岡県	080-2894-3722
玉山 染五郎	tamayama_somegorou@example.com	東京都	080-  19-5169
浅井 雄太	asai_yuuta@example.com	山口県	090-6191-8155
山口 広司	yamaguchi_kouji@example.com	神奈川県	080- 621-1400
小田 サンタマリア	oda_stmaria@example.com	京都府	080-4808-5248
三好 美幸	miyoshi_miyuki@example.com	山口県	090-2360-2422
古田 隼士	furuta_shunji@example.com	大分県	080-9738- 708
内村 璃子	uchimura_riko@example.com	富山県	090-1206-1548
飯島 メイサ	iijima_meisa@example.com	北海道	090-2743-1385
吉川 亮	kikkawa_ryou@example.com	神奈川県	090-9944-4154
須田 小百合	suda_sayuri@example.com	福岡県	090-4582-9616
高谷 徹平	takaya_teppei@example.com	北海道	090-1374- 111
金城 さゆり	kanashiro_sayuri@example.com	福岡県	090-6396-7209
高瀬 真帆	takase_maho@example.com	神奈川県	080-7554-3546
井川 遥	igawa_haruka@example.com	奈良県	080-9904-2404
高島 守	takashima_mamoru@example.com	福岡県	080- 848-6284
深田 新太	fukada_arata@example.com	神奈川県	080- 986-5774
保坂 博明	hosaka_hiroaki@example.com	埼玉県	080-2797-6439
柴田 佳乃	shibata_yoshino@example.com	埼玉県	090-5679-5282
荒川 杏	arakawa_ann@example.com	千葉県	090-6102-5838
内村 晃司	uchimura_kouji@example.com	山口県	080-6113-2142
加瀬 茜	kase_akane@example.com	長崎県	090-2912-5590
平田 一樹	hirata_kazuki@example.com	佐賀県	090-5385- 286
村井 草太	murai_souta@example.com	広島県	080- 397-7590
梅沢 まなみ	umezawa_manami@example.com	奈良県	090-6453-5343
奥貫 朝香	okunuki_asaka@example.com	京都府	080-7221-6492
野原 美嘉	nohara_mika@example.com	富山県	090-7337-8078
仲村 敏和	nakamura_toshikazu@example.com	東京都	080-3527-5273
林 樹里	hayashi_juri@example.com	兵庫県	080-7741-1051
ユースケ 未來	yusuke_mirai@example.com	徳島県	090-2725-2256
佐古 光	sako_hikaru@example.com	神奈川県	090-5098-1512
花田 竜也	hanada_tatsuya@example.com	東京都	090-7544-6197
高島 照生	takashima_teruo@example.com	愛知県	090-8100-3363
松岡 由樹	matsuoka_yuki@example.com	滋賀県	090-1086-1976
寺沢 智花	terasawa_tomoka@example.com	東京都	080-5453-3931
島田 博明	shimada_hiroaki@example.com	長野県	080-8147-4563
杉本 建	sugimoto_ken@example.com	東京都	090-6703-8801
田沢 さやか	tazawa_sayaka@example.com	大阪府	090-3813-5527
植田 翔	ueta_shou@example.com	鹿児島県	090- 767-9186
北原 勝久	kitahara_katsuhisa@example.com	福島県	080-7620- 364
榊原 米蔵	sakakibara_yonezou@example.com	愛知県	090-9000-9386
福井 優一	fukui_yuuichi@example.com	福岡県	090-8841-7862
河原 鉄二	kawahara_tetsuji@example.com	高知県	080-1175-7393
大石 仁晶	ooishi_hiroaki@example.com	神奈川県	080-4264-4433
福井 瑠璃亜	fukui_ruria@example.com	大阪府	090- 253-4473
三橋 紗季	mihashi_saki@example.com	広島県	080-5868-7482
高井 礼子	takai_reiko@example.com	大阪府	090-1026-1536
吉村 麻由子	yoshimura_mayuko@example.com	埼玉県	090-5098-6364
平岡 涼子	hiraoka_ryouko@example.com	新潟県	080-7048-2920
臼井 彩	usui_aya@example.com	福岡県	090-9854-7005
阿部 俊二	abe_shunji@example.com	福岡県	080-3250-5211
若松 勇一	wakamatsu_yuuichi@example.com	山口県	080-3255-4776
浅井 明慶	asai_akiyoshi@example.com	宮城県	080-9550-8095
小笠原 ひかり	ogasawara_hikari@example.com	山梨県	090-1852-8514
坂東 育子	banntou_ikuko@example.com	宮崎県	080-4914-1021
堀田 菜摘	hotta_natsumi@example.com	広島県	080-8999-8720
北村 将也	kitamura_masaya@example.com	岩手県	090-5831-8258
神山 涼	kamiyama_ryou@example.com	福島県	090-4012-2695
小堀 雅彦	kohori_masahiko@example.com	北海道	090-7121-2421
安永 直人	yasunaga_naoto@example.com	和歌山県	080-3526-4867
成瀬 小雁	naruse_kogan@example.com	岩手県	080-3327-3917
田淵 愛菜	tabuchi_aina@example.com	大阪府	090-1005-8714
岩佐 守	iwasa_mamoru@example.com	岐阜県	080-2599-9184
柴山 美幸	shibayama_miyuki@example.com	鹿児島県	080-7863-7559
井口 かおり	iguchi_kaori@example.com	青森県	080-1653-1883
榊原 美紀	sakakibara_miki@example.com	大阪府	080-3386-1186
とよた 晴臣	toyota_haruomi@example.com	秋田県	090-4871-8043
大倉 恵梨香	ookura_erika@example.com	新潟県	090-5037-7825
波多野 真一	hatano_shinichi@example.com	鳥取県	080-5386-2954
下村 恵麻	shimomura_ema@example.com	長崎県	080-9483-1677
市川 瞳	ichikawa_hitomi@example.com	茨城県	080-3691-5579
長谷 晴臣	nagaya_haruomi@example.com	栃木県	090-2440-2961
米田 一樹	yoneda_kazuki@example.com	栃木県	080-5184-6430
中尾 光良	nakao_teruyoshi@example.com	埼玉県	090-1238-4717
松原 俊介	matsubara_shunsuke@example.com	宮城県	080-2615-9937
本間 裕司	honnma_yuuji@example.com	愛知県	080-2832- 458
高瀬 里穂	takase_riho@example.com	埼玉県	080- 648-9961
竹中 美月	takenaka_miduki@example.com	長崎県	080-6184-2487
三宅 聖陽	miyake_masaaki@example.com	兵庫県	080-5990-1574
青柳 花	aoyagi_hana@example.com	富山県	090-6779-8700
平田 由樹	hirata_yuki@example.com	熊本県	080-8711-7622
武 あや子	take_ayako@example.com	東京都	080-2165-8032
宮野 綾	miyano_aya@example.com	沖縄県	090-4446- 896
野田 南朋	noda_nao@example.com	福岡県	090-6476-2114
新田 一代	arata_kazuyo@example.com	石川県	090-6979-2570
宮城 愛梨	miyagi_airi@example.com	茨城県	080-3786-4144
ユースケ 一代	yusuke_kazuyo@example.com	大阪府	090-  29-2378
堀越 信吾	horikoshi_shingo@example.com	北海道	090- 873- 255
小平 一	kohira_hajime@example.com	愛知県	080-2479-3134
細田 あさみ	hosoda_asami@example.com	東京都	090-9670-3895
内藤 未來	naitou_mirai@example.com	秋田県	090-4529- 549
稲垣 茜	inagaki_akane@example.com	埼玉県	090-4819-8691
中原 璃子	nakahara_riko@example.com	神奈川県	090-2528-2753
玉山 涼	tamayama_ryou@example.com	和歌山県	090-7545-9180
高尾 哲平	takao_teppei@example.com	群馬県	080-7247-3083
安井 昴	yasui_subaru@example.com	東京都	090- 518-4465
菊田 雅彦	kikuta_masahiko@example.com	神奈川県	090-6076-4842
中川 浩太郎	nakagawa_koutarou@example.com	栃木県	090-9947-5630
宮坂 ひろ子	miyasaka_hiroko@example.com	千葉県	090-1456- 134
島 なつみ	shima_natsumi@example.com	神奈川県	090-8003- 419
須賀 禄郎	suga_rokurou@example.com	福岡県	090- 789-3327
真矢 貴美子	maya_kimiko@example.com	神奈川県	080-6882-5737
石丸 満	ishimaru_mitsuru@example.com	神奈川県	080-2170-7065
杉下 真悠子	sugishita_mayuko@example.com	大阪府	090-2567- 723
塩見 聡	shiomi_satoshi@example.com	宮城県	090-3360-8379
柏原 明日	kashiwara_meibi@example.com	東京都	080-3162-7169
前田 遥	maeda_haruka@example.com	福岡県	090-1446-9722
徳重 正義	tokushige_masayoshi@example.com	和歌山県	080-1112-4556
荻野 光洋	ogino_mitsuhiro@example.com	宮城県	090-8130-4682
永井 あおい	nagai_aoi@example.com	千葉県	090-7321-9849
塚本 佑	tsukamoto_tasuku@example.com	東京都	090-1416-7548
戸塚 麗奈	toduka_rena@example.com	岐阜県	080-6217-6086
細井 莉緒	hosoi_rio@example.com	北海道	090-1891-6463
多部 砂羽	tabe_sawa@example.com	神奈川県	080-6038-3639
